"ww_pk","whack_word"
"0","a variety of"
"1","an equal opportunity"
"2","an equal opportunity employer"
"3","as well as"
"4","aw"
"5","be a"
"6","color religion"
"7","development of"
"8","equal opportunity"
"9","equal opportunity employer"
"10","experience with"
"11","gender identity"
"12","high"
"13","in a"
"14","in the"
"15","is an equal opportunity"
"16","job"
"17","may"
"18","must"
"19","must be able to"
"20","national origin"
"21","new"
"22","of the"
"23","one"
"24","opportunity employer"
"25","or equivalent"
"26","plu"
"27","responsibilities"
"28","sexual orientation"
"29","skills and"
"30","the ability to"
"31","the following"
"32","thi"
"33","us"
"34","veteran status"
"35","within"
"36","without regard"
"37","without regard to"
"38","work"
"39","working with"
"40","years of experience"
