,guid,job_title_row,real_job_title,company,in_location_zip,source,publish_date,short_description,lat,long,extracted_url,scraped
0,45ec9279a8,Senior Marketing Data Analyst - Allturna - Doylestown  PA,Senior Marketing Data Analyst,Allturna,Doylestown  PA,,"Tue, 06 Aug 2019 04:21:46 GMT",Provide insights amp recommendations on client039s customer data by building custom data visualizations identifying what data fields to use amp highlighting areas ofFrom Glassdoor,40.31011,-75.12989,http://www.indeed.com/viewjob?jk=75d1cd39773bf9d6&from=rss,FALSE
1,16e2e1903a,Associate Retail Marketing Manager - Clemens Food Group - Hatfield  PA,Associate Retail Marketing Manager,Clemens Food Group,Hatfield  PA,,"Wed, 10 Jul 2019 04:28:27 GMT",Perform category brand and product strategy reviews to drive the performance of the brand via working with the Business Insights and Syndicated Data AnalystFrom Clemens Food Group,40.27983,-75.29934,http://www.indeed.com/viewjob?jk=e509805985fcf679&from=rss,FALSE
2,b5954ceb3c,EDI Specialist - Medlogix - Lansdale  PA,EDI Specialist,Medlogix,Lansdale  PA,,"Wed, 07 Aug 2019 15:24:43 GMT",Previous business analyst data analyst or technical experience working with ANSI X12 and XML file formats Experience in data exchange conceptsFrom Indeed,40.2415,-75.28379,http://www.indeed.com/viewjob?jk=e361d6b480a2fae3&from=rss,FALSE
3,9c25df09c8,Chemistry Data Analyst - Eurofins Lancaster Laboratories Professional Scientific Services  LLC - West Point  PA,Chemistry Data Analyst,Eurofins Lancaster Laboratories Professional Scientific Services  LLC,West Point  PA,,"Tue, 27 Aug 2019 16:37:37 GMT",Data review will include the evaluation of raw data as well as verification of final data integrity ie calculations adherence to SOPs BATs BLPsFrom Lancaster Laboratories,40.207558,-75.29926,http://www.indeed.com/viewjob?jk=0a176852c097cb02&from=rss,FALSE
4,240c6238eb,Biochemist Data Analyst - Eurofins Lancaster Laboratories Professional Scientific Services  LLC - West Point  PA,Biochemist Data Analyst,Eurofins Lancaster Laboratories Professional Scientific Services  LLC,West Point  PA,,"Tue, 27 Aug 2019 16:37:33 GMT",Data review will include the evaluation of raw data as well as verification of final data integrity ie calculations adherence to SOPs BATs BLPsFrom Lancaster Laboratories,40.207558,-75.29926,http://www.indeed.com/viewjob?jk=59f609dae8688e02&from=rss,FALSE
5,d867c95c7c,Data Analyst  SQL  Data Science Path  - Berkadia Commercial Mortgage - Ambler  PA,Data Analyst  SQL  Data Science Path ,Berkadia Commercial Mortgage,Ambler  PA,,"Wed, 03 Jul 2019 17:46:17 GMT",The candidate will join the Data Science team as a data wranglerengineer analyzing cleansing and transforming data as needed to produce normalized andFrom Berkadia Commercial Mortgage,40.19076,-75.20658,http://www.indeed.com/viewjob?jk=e140e900c7b17bfa&from=rss,FALSE
6,1065828f8c,Regional Company Data Analyst - Airgas Inc  - Horsham  PA,Regional Company Data Analyst,Airgas Inc ,Horsham  PA,,"Fri, 16 Aug 2019 17:11:33 GMT",Regional Company Data Analyst in Horsham PA Experience manipulating large sets of data Three plus years experience in data analytics We take care of youFrom Airgas Inc,40.182465,-75.150116,http://www.indeed.com/viewjob?jk=8af7e9bb0f14edb6&from=rss,FALSE
7,ec4a78bb1a,Pharmaceutical Data Analyst - Keen360  Inc  - Horsham  PA,Pharmaceutical Data Analyst,Keen360  Inc ,Horsham  PA,,"Wed, 20 Mar 2019 22:03:34 GMT",Our Pharmaceutical client has engaged us to provide a Data Analyst contractor to support operational data analysis and supportFrom Keen360 Inc,40.17844,-75.12851,http://www.indeed.com/viewjob?jk=0f92f1c2a9b33926&from=rss,FALSE
8,a1e3bdf00d,Business Systems Data Analyst - GLORIAN - Langhorne  PA,Business Systems Data Analyst,GLORIAN,Langhorne  PA,,"Mon, 03 Jun 2019 11:57:11 GMT",Has multiple openings for Business SystemsData Analyst positions for its Langhorne PA office to Create and maintain requirement definition documents includingFrom GLORIAN,40.17455,-74.92267,http://www.indeed.com/viewjob?jk=5fdf5ea69ffa6960&from=rss,FALSE
9,987259d41c,Business Analytics and Metrics Specialist - Managed Care - PMA Companies - Blue Bell  PA,Business Analytics and Metrics Specialist,Managed Care,PMA Companies,,"Thu, 29 Aug 2019 00:45:55 GMT",Acquires data from primary or secondary data sources and Managed Care business partners develops thorough working knowledge of the data and maintainsFrom PMA Companies,40.15296,-75.27466,http://www.indeed.com/viewjob?jk=6b3863600d3fbce6&from=rss,FALSE
10,46b00a6396,Senior Database Analyst - AnswerNet - Willow Grove  PA,Senior Database Analyst,AnswerNet,Willow Grove  PA,,"Thu, 22 Aug 2019 21:53:13 GMT",Proven working experience as a data analyst or business data analyst Acquire data from primary or secondary data sources and maintain databasesdata systems 80000 a yearFrom Indeed,40.144,-75.11573,http://www.indeed.com/viewjob?jk=2af807975ceec884&from=rss,FALSE
11,579a68c385,Data Analyst I - Cotiviti  Inc  - Blue Bell  PA,Data Analyst I,Cotiviti  Inc ,Blue Bell  PA,,"Wed, 17 Jul 2019 00:50:09 GMT",2,40.15233,-75.26629,http://www.indeed.com/viewjob?jk=8f722bee3aa8ac5a&from=rss,FALSE
12,19dbed71ec,Document Specialist I - dinaliC - Fort Washington  PA,Document Specialist I,dinaliC,Fort Washington  PA,,"Mon, 15 Jul 2019 15:29:40 GMT",Assist with data analysis for the EDM 20 project including streamlining of metadata data cleanup for drop downs field mapping for data migrationFrom dinaliC,40.14178,-75.20906,http://www.indeed.com/viewjob?jk=07364190049e46c1&from=rss,FALSE
13,92aac81bbb,API Integration Analyst - Advertising Specialty Institute - Trevose  PA,API Integration Analyst,Advertising Specialty Institute,Trevose  PA,,"Mon, 22 Jul 2019 16:56:45 GMT",Manage data mapping efforts assist with legacy data analysis and importing activities Extract and analyze data from disparate sources perform quality testsFrom Indeed,40.13928,-74.981,http://www.indeed.com/viewjob?jk=e0e408365ab5f88b&from=rss,FALSE
14,024fe51ea4,Network Data Analyst - SUEZ - Trevose  PA,Network Data Analyst,SUEZ,Trevose  PA,,"Fri, 12 Jul 2019 20:02:23 GMT",3 years minimum experience in data processing database programming data analytics data mining and statistical analysis Who are we looking forFrom SUEZ,40.13928,-74.981,http://www.indeed.com/viewjob?jk=77b5a5bee543af9a&from=rss,FALSE
15,e2e7555b20,eCommerce Data Analyst - Facilities Plus - Trevose  PA,eCommerce Data Analyst,Facilities Plus,Trevose  PA,,"Tue, 18 Jun 2019 14:51:12 GMT",We are currently seeking an E-Commerce Data Analyst Provide monthly data analysisreports  Google analytics PPC results customer on-boarding online salesFrom Indeed,40.13928,-74.981,http://www.indeed.com/viewjob?jk=7e58eef225e6ea80&from=rss,FALSE
16,cd88b61bdb,Digital Marketing Analyst - Advertising Specialty Institute - Trevose  PA,Digital Marketing Analyst,Advertising Specialty Institute,Trevose  PA,,"Fri, 31 May 2019 00:11:31 GMT",ASIs Data Intelligence Group is seeking a Digital Marketing Data Analyst to drive the analysis data discovery and interpretation of data as it relates to ourFrom Advertising Specialty Institute,40.13928,-74.981,http://www.indeed.com/viewjob?jk=da70eddcb5836164&from=rss,FALSE
17,8f3ad2d992,Digital Data Analyst - Advertising Specialty Institute - Trevose  PA,Digital Data Analyst,Advertising Specialty Institute,Trevose  PA,,"Thu, 30 May 2019 16:54:57 GMT",ASIs Data Intelligence Group is seeking a Digital Marketing Data Analyst to drive the analysis data discovery and interpretation of data as it relates to ourFrom Indeed,40.13928,-74.981,http://www.indeed.com/viewjob?jk=4d561c3c80af3d4a&from=rss,FALSE
18,d2c15bb36a,Integrations Data Analyst - Advertising Specialty Institute - Trevose  PA,Integrations Data Analyst,Advertising Specialty Institute,Trevose  PA,,"Fri, 26 Apr 2019 00:10:32 GMT",Manage data mapping efforts assist with legacy data analysis and importing activities Extract and analyze data from disparate sources perform quality testsFrom Advertising Specialty Institute,40.13928,-74.981,http://www.indeed.com/viewjob?jk=754f00ef2813d921&from=rss,FALSE
19,9b60d7ce12,Data Analyst - US HealthConnect - Fort Washington  PA,Data Analyst,US HealthConnect,Fort Washington  PA,,"Wed, 14 Aug 2019 13:55:36 GMT",2 years working experience as a Data Analyst or Data Scientist Acquiring data from various internal and external data sourcesFrom Indeed,40.135876,-75.206604,http://www.indeed.com/viewjob?jk=bebcc10ee69735de&from=rss,FALSE
20,72c789aed6,E-COMMERCE DATA ANALYST   ENTRY LEVEL - Peirce-Phelps - Blue Bell  PA,E-COMMERCE DATA ANALYST   ENTRY LEVEL,Peirce-Phelps,Blue Bell  PA,,"Wed, 19 Jun 2019 18:03:55 GMT",The eCommerce Data Analyst reports directly to VP of Technology Services and Solutions 1-3 years ETL data transformation and management preferably with 45000,40.15296,-75.27466,http://www.indeed.com/viewjob?jk=9c3344cd8408f255&from=rss,FALSE
21,c05e13f66a,Sales Data Analyst - MRO Corporation - Norristown  PA,Sales Data Analyst,MRO Corporation,Norristown  PA,,"Wed, 28 Aug 2019 19:30:30 GMT",The data analyst will map the unique identifiers from Definitive Healthcare and MROs ROI Online system The Data Analyst will be responsible for managing andFrom Indeed,40.1215,-75.3399,http://www.indeed.com/viewjob?jk=2da890518c8643db&from=rss,FALSE
22,84c06f4d97,Data Analyst-BRISTOL - CP Flexible Packaging - Bristol  PA,Data Analyst-BRISTOL,CP Flexible Packaging,Bristol  PA,,"Tue, 03 Sep 2019 22:42:16 GMT",5 years experience as a data analyst or in related field 5 years of prior experience as a data analyst or similar role Paid vacation and personal daysFrom CP Flexible Packaging,40.111588,-74.861946,http://www.indeed.com/viewjob?jk=38f6283c22a41011&from=rss,FALSE
23,b10417289d,SAAS Product Data Analyst - bravo business media - Plymouth Meeting  PA,SAAS Product Data Analyst,bravo business media,Plymouth Meeting  PA,,"Tue, 09 Apr 2019 03:44:53 GMT",Work with vendors and other teams within the company to compile product data Work with vendors customers and other teams to identify and correct problemsFrom bravo business media,40.10233,-75.27435,http://www.indeed.com/viewjob?jk=5a9e8a68066eb8f3&from=rss,FALSE
24,19c43b837b,VIE - Procurement Data Analyst H F - Arkema - King of Prussia  PA,VIE,Procurement Data Analyst H F,Arkema,,"Wed, 21 Aug 2019 08:23:26 GMT",Procurement Analyst supporting data analytics for all US Sites and Business Units The Procurement Analyst will assist in facilitation of dashboard creationFrom Arkema,40.08927,-75.39602,http://www.indeed.com/viewjob?jk=e245f7dce15f5a30&from=rss,FALSE
25,6ef731e048,Director  Demand Generation - Orion Advisor Services  LLC - King of Prussia  PA,Director  Demand Generation,Orion Advisor Services  LLC,King of Prussia  PA,,"Mon, 05 Aug 2019 18:24:22 GMT",Results-driven with strong ability to analyze data and determine program forecasting and ROI Work closely with Marketing Operations ManagerData Analyst toFrom Orion Advisor Services LLC,40.08927,-75.39602,http://www.indeed.com/viewjob?jk=1c53c14146aa59b7&from=rss,FALSE
26,c09f7d1474,Data Analyst - Pathfinders - King of Prussia  PA,Data Analyst,Pathfinders,King of Prussia  PA,,"Tue, 30 Jul 2019 18:53:46 GMT",Data mining to identify trends and areas of opportunity Currently searching for data analysts to facilitate accurate and timely receipt of revenue with a 15 an hourFrom Simply Hired,40.08927,-75.39602,http://www.indeed.com/viewjob?jk=437dada9bb9fd44a&from=rss,FALSE
27,5d8d97dca8,Senior Data Analyst - Change Healthcare - King of Prussia  PA,Senior Data Analyst,Change Healthcare,King of Prussia  PA,,"Fri, 19 Jul 2019 19:49:00 GMT",Works with large files of data to translate data results into actionable results Knowledge of data manipulation languages egFrom Change Healthcare,40.08927,-75.39602,http://www.indeed.com/viewjob?jk=b7e48ac9a3301e30&from=rss,FALSE
28,40062b7326,Clinical Data Analyst - Bilingual Japanese  US  - CluePoints - King of Prussia  PA,Clinical Data Analyst,Bilingual Japanese  US ,CluePoints,,"Fri, 28 Jun 2019 13:21:43 GMT",Aptitude for mathematical and statistical concepts and data analytics Provide consultation and related operational support to customers as needed with theFrom CluePoints,40.08927,-75.39602,http://www.indeed.com/viewjob?jk=f03bcc2634e880a7&from=rss,FALSE
29,dc3d32244b,Analyst  Market Research - CMI Compas - King of Prussia  PA,Analyst  Market Research,CMI Compas,King of Prussia  PA,,"Wed, 19 Jun 2019 00:23:17 GMT",The Market Data Analyst will lead the creation execution and analysis of research projects with multiple segments andor audiencesFrom CMICompas,40.08927,-75.39602,http://www.indeed.com/viewjob?jk=aaf86bceb8a844f9&from=rss,FALSE
30,c07de28595,Healthcare Data Analysts - Tandigm Health LLC - West Conshohocken  PA,Healthcare Data Analysts,Tandigm Health LLC,West Conshohocken  PA,,"Tue, 25 Jun 2019 17:33:59 GMT",The Data Analyst gathers requirements The Tandigm Health Data Analyst Informatics If you think you have what it takes for our Data Analyst positions thenFrom Tandigm Health LLC,40.077938,-75.303,http://www.indeed.com/viewjob?jk=ef9d59c9d020c8d0&from=rss,FALSE
31,98a461cea4,Business Intelligence Data Analyst - AmerisourceBergen - Conshohocken  PA,Business Intelligence Data Analyst,AmerisourceBergen,Conshohocken  PA,,"Thu, 22 Aug 2019 14:36:45 GMT",Ability to translate data analysis into actionable insights especially by using data visualization as a means of storytelling What you will be doingFrom AmeriSourceBergen,40.077938,-75.303,http://www.indeed.com/viewjob?jk=d6055e400752dbd7&from=rss,FALSE
32,fea8007a3a,HIM   Coding Data Analyst - Mercy Health System of Southeastern Pennsylvania - Conshohocken  PA,HIM   Coding Data Analyst,Mercy Health System of Southeastern Pennsylvania,Conshohocken  PA,,"Wed, 03 Oct 2018 22:29:42 GMT",Routinely monitors interface data to identify and resolve errors The HIM and Coding Applications Specialist is responsible for managing HIM and CodingFrom Trinity Health,40.077938,-75.303,http://www.indeed.com/viewjob?jk=be446579981c67ed&from=rss,FALSE
33,43ce415897,Clinical Care Manager - University of Pennsylvania Health System - Radnor  PA,Clinical Care Manager,University of Pennsylvania Health System,Radnor  PA,,"Tue, 03 Sep 2019 20:51:17 GMT",Collaborate with Data Analyst to create use and maintain a care management reporting structure that identifies patients who are likely to benefit from careFrom University of Pennsylvania Health System,40.04622,-75.35991,http://www.indeed.com/viewjob?jk=3bc59f856d6ef802&from=rss,FALSE
34,fc3fd13e83,Population Health Program Coordinator - University of Pennsylvania Health System - Radnor  PA,Population Health Program Coordinator,University of Pennsylvania Health System,Radnor  PA,,"Tue, 03 Sep 2019 14:51:04 GMT",Works with data analyst to run reports on chronic disease management metrics and utilization Works with data analyst to maintain and develop monthly reports ofFrom University of Pennsylvania Health System,40.04622,-75.35991,http://www.indeed.com/viewjob?jk=fd98a7869606a4aa&from=rss,FALSE
35,692a51c7ef,Sr  Analyst  Business Analytics - Lincoln Financial - Radnor  PA,Sr  Analyst  Business Analytics,Lincoln Financial,Radnor  PA,,"Mon, 19 Aug 2019 20:54:14 GMT",Data Analyst Analytics Law Compliance Business Analyst Data Management Legal Technology Evaluate trends in data or informationFrom Lincoln Financial Group,40.04622,-75.35991,http://www.indeed.com/viewjob?jk=fd60ab60a337c744&from=rss,FALSE
36,c01792d264,Analyst  Data   Reporting - Investments - Lincoln Financial - Radnor  PA,Analyst  Data   Reporting,Investments,Lincoln Financial,,"Wed, 14 Aug 2019 14:53:59 GMT",Database Data Analyst SQL Business Analyst Project Manager Technology Data The Data and Reporting Analyst will provide functional expertise toFrom Lincoln Financial Group,40.04622,-75.35991,http://www.indeed.com/viewjob?jk=6541a02e7b8aa93d&from=rss,FALSE
37,20e203b1a9,Strategy data analyst - Avantor - Radnor  PA,Strategy data analyst,Avantor,Radnor  PA,,"Tue, 12 Feb 2019 15:23:17 GMT",Data science data analysis Statistics or related discipline Data cleansing and validation,40.04622,-75.35991,http://www.indeed.com/viewjob?jk=a244eefe20c880c8&from=rss,FALSE
38,c5998593a7,SAP Data Analyst - Airgas Inc  - Radnor  PA,SAP Data Analyst,Airgas Inc ,Radnor  PA,,"Mon, 08 Jul 2019 17:12:03 GMT",The SAP Data Analyst has responsibilities related to master data management conversion and quality Scope includes primary master data secondary master dataFrom Airgas Inc,40.03851,-75.3833,http://www.indeed.com/viewjob?jk=d66ffbe898bfb8b8&from=rss,FALSE
39,eff5a3e140,Data Analyst - Vanguard - Malvern  PA,Data Analyst,Vanguard,Malvern  PA,,"Thu, 22 Aug 2019 15:50:50 GMT",Analyzes data requirements to produce high quality data definitions Participates in inspections data analysis and data discovery sessionsFrom Vanguard,40.04136,-75.53706,http://www.indeed.com/viewjob?jk=a93ea287a029d67a&from=rss,FALSE
60,7c994eefa2,Procurement Data Analyst - Vanguard - Malvern  PA,Procurement Data Analyst,Vanguard,Malvern  PA,,"Sat, 10 Aug 2019 15:10:55 GMT",As a Procurement Analyst you will drive savings and strategies through data and analytics Ensure that category fact base is complete and robust enough forFrom Vanguard,40.04136,-75.53706,http://www.indeed.com/viewjob?jk=eed883503b4ca53f&from=rss,FALSE
61,13afef34b6,Data Analyst - DaVita - Malvern  PA,Data Analyst,DaVita,Malvern  PA,,"Fri, 09 Aug 2019 22:01:02 GMT",The Compliance Data Analyst reports to the Compliance Manager and is primarily responsible for maintaining the Compliance Training programFrom Davita,40.04136,-75.53706,http://www.indeed.com/viewjob?jk=e7021020620c64c9&from=rss,FALSE
62,9d9b7ace4e,Senior Data Analyst - Vanguard - Malvern  PA,Senior Data Analyst,Vanguard,Malvern  PA,,"Wed, 31 Jul 2019 09:01:43 GMT",Partners with data suppliers on the receipt and distribution of ongoing data files Oversees the data quality management process for data sets involved in FASFrom Vanguard,40.04136,-75.53706,http://www.indeed.com/viewjob?jk=11a975290c6cf4fc&from=rss,FALSE
63,27624b7660,Data Analyst  Internal Audit - Vanguard - Malvern  PA,Data Analyst  Internal Audit,Vanguard,Malvern  PA,,"Tue, 11 Jun 2019 17:20:41 GMT",Maintain skills related to technical issues such as data extraction data file formats and structures transporting data merging files and data manipulationFrom Vanguard,40.04136,-75.53706,http://www.indeed.com/viewjob?jk=8ccd01e26ec4847f&from=rss,FALSE
64,55e334d89c,Entry Level job opening for Data Analyst and MS BI - PCS Global Tech - Wayne  PA,Entry Level job opening for Data Analyst and MS BI,PCS Global Tech,Wayne  PA,,"Tue, 20 Aug 2019 17:53:12 GMT",Provides plan with data reporting and analyses that enable data driven decision making Basic Knowledge in SQL T-SQL Data Modeling and SQL queries 60000,40.03851,-75.3833,http://www.indeed.com/viewjob?jk=2e04a6d6dde54a51&from=rss,FALSE
65,58051d9902,Sr  Data Modeler Data Analyst - Infinia Search - Malvern  PA,Sr  Data Modeler Data Analyst,Infinia Search,Malvern  PA,,"Wed, 21 Aug 2019 15:55:53 GMT",Develops knowledge on business and data environment newdata sources data technology and solutions and industry trends Ability to create diagrams and design 70,40.03622,-75.51381,http://www.indeed.com/viewjob?jk=a692e8c3116a535f&from=rss,FALSE
66,c55f555ffb,Data Analyst - Contract - W2 - Amplify Systems - Malvern  PA,Data Analyst,Contract,W2,,"Wed, 07 Nov 2018 11:36:38 GMT",Strong Excel skills in data manipulation and presentation Provides consulting services with supervision to colleagues needing data for specific projectsFrom Amplify Systems,40.03622,-75.51381,http://www.indeed.com/viewjob?jk=5daa113777d932ac&from=rss,FALSE
67,769df3aa6f,SAP Retail Master Data Analyst - QVC - West Chester  PA,SAP Retail Master Data Analyst,QVC,West Chester  PA,,"Mon, 29 Jul 2019 17:29:01 GMT",SAP Retail Master Data Analyst will be responsible for the process design configuration and requirement gathering for SAP Retail Master Data area as well asFrom QVC,39.96066,-75.60549,http://www.indeed.com/viewjob?jk=dc17fca1bf84da4e&from=rss,FALSE
68,e84ed6ebcd,Data Analyst Performance Improvement - QVC - West Chester  PA,Data Analyst Performance Improvement,QVC,West Chester  PA,,"Wed, 24 Jul 2019 17:28:26 GMT",Create ad-hoc reporting as requested by leveraging available data sources and inputcollaboration with BPampAFPampAVOC teams Based in West Chester PaFrom QVC,39.96066,-75.60549,http://www.indeed.com/viewjob?jk=9e783c839471f9f4&from=rss,FALSE
69,51ed8a618a,HR Data Analyst - Philadelphia Insurance Companies - Bala-Cynwyd  PA,HR Data Analyst,Philadelphia Insurance Companies,Bala-Cynwyd  PA,,"Fri, 02 Aug 2019 20:32:25 GMT",We are looking for a HR Data Analyst to join our team Perform analysis of data and information from HR transactions Links findings to business needsFrom Tokio Marine North America TMNA,40.0138,-75.231705,http://www.indeed.com/viewjob?jk=b1720a66d0d0f664&from=rss,FALSE
70,d3e8ef285b,Population Health Data Analyst - Main Line Health - Wynnewood  PA,Population Health Data Analyst,Main Line Health,Wynnewood  PA,,"Fri, 09 Aug 2019 22:17:23 GMT",The Data Analyst will integrate and prepare large varied datasets Lankenau Medical Center is seeking a full time Population Health Data AnalystFrom Main Line Health,40.00251,-75.273155,http://www.indeed.com/viewjob?jk=df560237fc7d02a1&from=rss,FALSE
71,93123622cb,Entry Level Data Analyst - Cobbs Creek Healthcare - Newtown Square  PA,Entry Level Data Analyst,Cobbs Creek Healthcare,Newtown Square  PA,,"Mon, 12 Aug 2019 20:20:41 GMT",Analyze and manage data using SAS R SQL and other statistical programming languages as required Cobbs Creek Healthcare is an innovative commercial analyticsFrom Indeed,39.98678,-75.40103,http://www.indeed.com/viewjob?jk=a1a8a363b482dc62&from=rss,FALSE
72,54bef0f02c,Data Analyst - SupplyOne Tucson  Inc - Newtown Square  PA,Data Analyst,SupplyOne Tucson  Inc,Newtown Square  PA,,"Tue, 09 Jul 2019 23:02:22 GMT",The Data Analyst provides timely high-quality data analytics to headquarters and divisional teams to support strategic decision-making and is a critical pointFrom SupplyOne Tucson Inc,39.98678,-75.40103,http://www.indeed.com/viewjob?jk=a700b14af657ee92&from=rss,FALSE
73,87a0363b0d,CUA Administrative Assistant Data Analyst - Asociacion Puertorriquenos en Marcha  inc  - Philadelphia  PA,CUA Administrative Assistant Data Analyst,Asociacion Puertorriquenos en Marcha  inc ,Philadelphia  PA,,"Thu, 21 Mar 2019 11:39:24 GMT",Experience with data entry and high regard for accuracy Resolves administrative problems by coordinating preparation of reports analyzing data andFrom Asociacion Puertorriquenos en Marcha inc,39.97678,-75.14424,http://www.indeed.com/viewjob?jk=347d15420e467a55&from=rss,FALSE
74,aaec2c1a88,Junior IT Data Analyst - Day   Zimmermann - Corporate TA - Philadelphia  PA,Junior IT Data Analyst,Day   Zimmermann,Corporate TA,,"Wed, 14 Aug 2019 20:24:41 GMT",Data Analysis,39.96849,-75.17309,http://www.indeed.com/viewjob?jk=f367a98eab48ab54&from=rss,FALSE
75,a375bfbc3f,Data Delivery Analyst - HealthVerity - Philadelphia  PA,Data Delivery Analyst,HealthVerity,Philadelphia  PA,,"Fri, 30 Aug 2019 16:03:58 GMT",Standardizing on common data models across data types Consult with internal teams to understand business requirements and deliver appropriate data analystFrom HealthVerity,39.96422,-75.20097,http://www.indeed.com/viewjob?jk=f828059648e797c6&from=rss,FALSE
76,8c6304b097,Director  Data Analytics - HealthVerity - Philadelphia  PA,Director  Data Analytics,HealthVerity,Philadelphia  PA,,"Mon, 29 Jul 2019 22:06:46 GMT",Standardizing on common data models across data types Consult with clients to understand business requirements and deliver appropriate data analyst solutionsFrom HealthVerity,39.96422,-75.20097,http://www.indeed.com/viewjob?jk=995a51b710e8e460&from=rss,FALSE
77,35c090f463,340 B Program Manager - Spectrum Health Services  Inc - Philadelphia  PA,340 B Program Manager,Spectrum Health Services  Inc,Philadelphia  PA,,"Tue, 03 Sep 2019 23:37:21 GMT",340B Compliance and Data Analyst The role is responsible for data management audits and monitors all software systems and electronic data information EDIFrom Spectrum Health Services Inc,39.96245,-75.2301,http://www.indeed.com/viewjob?jk=403b3cb638400e7d&from=rss,FALSE
78,be3c096c9a,Data Analyst   Data Scientist - Defined Clarity - Philadelphia  PA,Data Analyst   Data Scientist,Defined Clarity,Philadelphia  PA,,"Thu, 06 Dec 2018 08:08:18 GMT",Call Center or Customer care data experience a plus Must be able to write SQL queries and must have experience with data extraction 65,39.95234,-75.16379,http://www.indeed.com/viewjob?jk=3732427d3a63339e&from=rss,FALSE
79,e7eab282cf,Data Analyst  One Year Grant Funded - Maybe extended up to four years  - PMHCC  Inc  - Philadelphia  PA,Data Analyst  One Year Grant Funded,Maybe extended up to four years ,PMHCC  Inc ,,"Fri, 12 Jul 2019 16:12:28 GMT",The Data Analyst will accomplish the following Demonstrating an understanding of data sources and issues update data if applicable and fulfilling data 55000,39.95234,-75.16379,http://www.indeed.com/viewjob?jk=946417ab0751797f&from=rss,FALSE
100,1cf5a64792,Clinical Care Manager - University of Pennsylvania Health System - Philadelphia  PA,Clinical Care Manager,University of Pennsylvania Health System,Philadelphia  PA,,"Fri, 16 Aug 2019 02:50:38 GMT",Collaborate with Data Analyst to create use and maintain a care management reporting structure that identifies patients who are likely to benefit from careFrom University of Pennsylvania Health System,39.95234,-75.16379,http://www.indeed.com/viewjob?jk=ba9579dbc485ee07&from=rss,FALSE
101,28adabd734,R D Operations Data Analyst - Spark Therapeutics - Philadelphia  PA,R D Operations Data Analyst,Spark Therapeutics,Philadelphia  PA,,"Thu, 29 Aug 2019 22:53:50 GMT",Ensures that data displays are pulled consistently from reliable data sources The RampD Operations Data Analyst is responsible for providing broad support for RFrom Spark Therapeutics Inc,39.95234,-75.16379,http://www.indeed.com/viewjob?jk=860321a478f10aa3&from=rss,FALSE
102,e7f8e4c665,Research and Data Analyst - City of Philadelphia - Philadelphia  PA,Research and Data Analyst,City of Philadelphia,Philadelphia  PA,,"Sat, 17 Aug 2019 03:12:41 GMT",Visualize data write descriptions and summaries of projects and create presentations of results Write reproducible scripts and workflows to collect cleanFrom City of Philadelphia,39.952545,-75.16395,http://www.indeed.com/viewjob?jk=1591625219fd0237&from=rss,FALSE
103,22ce875f74,Configuration Management Database Analyst - Data Analyst - Comcast - Philadelphia  PA,Configuration Management Database Analyst,Data Analyst,Comcast,,"Fri, 30 Aug 2019 22:25:20 GMT",Reconcile the CMDB data when exceptions are noted between CMDB discovery information and other authoritative production data repositoriesFrom Comcast,39.96422,-75.20097,http://www.indeed.com/viewjob?jk=4da3ddb597e2eb9b&from=rss,FALSE
104,4e3690c1e1,Senior Technical Data Analyst  Compliance - Comcast - Philadelphia  PA,Senior Technical Data Analyst  Compliance,Comcast,Philadelphia  PA,,"Tue, 27 Aug 2019 16:24:40 GMT",Reconcile data when data integrity issues present Creates data flows and data mining to support front end-visualization Analyze and clearly communicate dataFrom Comcast,39.96422,-75.20097,http://www.indeed.com/viewjob?jk=8d58f3c65aa18196&from=rss,FALSE
105,6513888ebd,CMDB Data Analyst - Comcast - Philadelphia  PA,CMDB Data Analyst,Comcast,Philadelphia  PA,,"Mon, 29 Jul 2019 16:25:21 GMT",Reconcile the CMDB data when exceptions are noted between CMDB discovery information and other authoritative production data repositoriesFrom Comcast,39.96422,-75.20097,http://www.indeed.com/viewjob?jk=77f673a9ff42f9fa&from=rss,FALSE
106,2590b1dff3,Base Data Analyst - IntegriChain - Philadelphia  PA,Base Data Analyst,IntegriChain,Philadelphia  PA,,"Fri, 30 Aug 2019 14:38:44 GMT",OrganizationExecutionStatus Communication of Data Factory initiativesprojects Resolution of weekly assigned master data exceptions queueFrom IntegriChain,39.96422,-75.20097,http://www.indeed.com/viewjob?jk=f2ffbb60a22bc733&from=rss,FALSE
107,333d6fe1e0,Data Analyst - Elsevier - Philadelphia  PA,Data Analyst,Elsevier,Philadelphia  PA,,"Fri, 19 Apr 2019 20:08:21 GMT",Connecting to ODBC data sources We are looking for a very talented Data Analyst with strong problem solving and engineering skills to deliver actionableFrom RELX Group,39.95234,-75.16379,http://www.indeed.com/viewjob?jk=8be5e27904e2e6a6&from=rss,FALSE
108,9942fc5f3f,Data Analyst  Adobe Analytics  - Elsevier - Philadelphia  PA,Data Analyst  Adobe Analytics ,Elsevier,Philadelphia  PA,,"Fri, 19 Apr 2019 20:08:13 GMT",Connecting to ODBC data sources We are looking for a very talented Data Analyst with strong problem solving and engineering skills to deliver actionableFrom RELX Group,39.95234,-75.16379,http://www.indeed.com/viewjob?jk=b280a69664dccdc2&from=rss,FALSE
109,f5df1aeae9,Health Research Analyst - PHC Group - Philadelphia  PA,Health Research Analyst,PHC Group,Philadelphia  PA,,"Wed, 16 Jan 2019 07:06:43 GMT",The Health Research Analyst will support data analytic and data management activities related to various PHC GROUP initiatives outcome studies programFrom PHC GROUP,39.95234,-75.16379,http://www.indeed.com/viewjob?jk=7726966ef99bd98d&from=rss,FALSE
110,12405f4226,Principal Consultant - Data Visualization Specialist - TeraThink - Philadelphia  PA,Principal Consultant,Data Visualization Specialist,TeraThink,,"Wed, 28 Aug 2019 16:31:24 GMT",As a Senior Consultant,39.952545,-75.16395,http://www.indeed.com/viewjob?jk=1285ed7f27b76757&from=rss,FALSE
111,6303476611,Data Analyst - MMIS  Inc - Philadelphia  PA,Data Analyst,MMIS  Inc,Philadelphia  PA,,"Thu, 21 Feb 2019 15:35:07 GMT",You are a Data Analyst at MediSpend You practice data integration data profiling Work with complex data sets to create data integration documentsFrom MMIS Inc,39.952545,-75.16395,http://www.indeed.com/viewjob?jk=cad5c9f6d5adad06&from=rss,FALSE
112,86fd1b73c0,Energy Data Analyst - SEPTA - Philadelphia  PA,Energy Data Analyst,SEPTA,Philadelphia  PA,,"Thu, 05 Sep 2019 18:33:27 GMT",SEPTA is looking for an Energy Data Analyst to support it039s Sustainability Program Bachelors Degree with a preferred concentration in sustainability energy 54000,39.95234,-75.16379,http://www.indeed.com/viewjob?jk=aa61420d96cb8b5f&from=rss,FALSE
113,22e536f505,Quality Safety Data Analyst - University of Pennsylvania Health System - Philadelphia  PA,Quality Safety Data Analyst,University of Pennsylvania Health System,Philadelphia  PA,,"Thu, 05 Sep 2019 14:51:08 GMT",Ability to independently function as the Data Analyst representative for PPMC when collaborating across UPHS on data projects that support Quality amp PatientFrom University of Pennsylvania Health System,39.95234,-75.16379,http://www.indeed.com/viewjob?jk=46a159205344905f&from=rss,FALSE
114,6364777dc7,Care Manager - University of Pennsylvania - Philadelphia  PA,Care Manager,University of Pennsylvania,Philadelphia  PA,,"Thu, 05 Sep 2019 10:56:10 GMT",Coordinate monitoring and reporting activities with data analystepidemiologist Compile monitor and evaluate outcome measurements and other data points toFrom University of Pennsylvania,39.95234,-75.16379,http://www.indeed.com/viewjob?jk=83277e8019f38ad9&from=rss,FALSE
115,0cbd6c6f8f,Data Specialist - Deacom  Inc  - Philadelphia  PA,Data Specialist,Deacom  Inc ,Philadelphia  PA,,"Wed, 04 Sep 2019 18:08:10 GMT",Gain experience with Deacoms unique Data Conversion tool to create profiles for loading data Enrich your passion for data by working with customers overcomeFrom Indeed,39.95234,-75.16379,http://www.indeed.com/viewjob?jk=ac5adb6a932679c6&from=rss,FALSE
116,13610d5e3f,Senior Data Analyst - Lincoln Financial - Philadelphia  PA,Senior Data Analyst,Lincoln Financial,Philadelphia  PA,,"Fri, 30 Aug 2019 14:54:58 GMT",Database Data Analyst Oracle ERP Data Management Technology Data The Senior Data Analyst will be responsible for elevating the data capabilities forFrom Lincoln Financial Group,39.95234,-75.16379,http://www.indeed.com/viewjob?jk=b234a2718249bc52&from=rss,FALSE
117,aa2cd57049,Data Analyst - Market Expansion - goPuff - Philadelphia  PA,Data Analyst,Market Expansion,goPuff,,"Thu, 29 Aug 2019 22:04:27 GMT",Identify gaps in existing data create data product specs evaluate third party data vendors and work with Engineering teams to implement new data pipelinesFrom goPuff,39.95234,-75.16379,http://www.indeed.com/viewjob?jk=09af1071dad7a46c&from=rss,FALSE
118,2eaa5d6dd7,Data Analyst - Ormat Technologies - Philadelphia  PA,Data Analyst,Ormat Technologies,Philadelphia  PA,,"Wed, 28 Aug 2019 13:33:40 GMT",As a Data Analyst you will examinelarge data sets to identify trends develop charts and create visualpresentations to help the business make strategicFrom Indeed,39.95234,-75.16379,http://www.indeed.com/viewjob?jk=88448d43896681e3&from=rss,FALSE
119,be2344fdec,Senior Financial Data Analyst  Associate Level  - ERM Group - Philadelphia  PA,Senior Financial Data Analyst  Associate Level ,ERM Group,Philadelphia  PA,,"Tue, 27 Aug 2019 21:58:39 GMT",ERM is actively seeking a detail-oriented and motivated Senior Financial Data Analyst to join our corporate Finance team in Malvern PA From ERM Group,39.95234,-75.16379,http://www.indeed.com/viewjob?jk=a8b31ba8d32c667b&from=rss,FALSE
140,e588bbdc57,Operations and Data Analyst - University of Pennsylvania - Philadelphia  PA,Operations and Data Analyst,University of Pennsylvania,Philadelphia  PA,,"Sat, 24 Aug 2019 11:58:20 GMT",Analyst is an expert user in the University s Data Warehouse and other systems Reporting to the Senior Systems amp Data Analyst the Operations and Data AnalystFrom University of Pennsylvania,39.95234,-75.16379,http://www.indeed.com/viewjob?jk=f26809f54b496e86&from=rss,FALSE
141,3ca3a9b815,Director Data Analytics - DLS Solutions - Philadelphia  PA,Director Data Analytics,DLS Solutions,Philadelphia  PA,,"Wed, 21 Aug 2019 17:14:01 GMT",Consult with clients to understand business requirements and deliver appropriate data analyst solutions to meet their needs 115000,39.95234,-75.16379,http://www.indeed.com/viewjob?jk=bc8f3f08aa415bd6&from=rss,FALSE
142,dee3bade2c,Data Analyst - Affusion Inc  - Philadelphia  PA,Data Analyst,Affusion Inc ,Philadelphia  PA,,"Wed, 21 Aug 2019 13:56:34 GMT",Affusion Consulting has an immediate opportunity in Philadelphia for a Data Analyst with a focus on data quality and data managementFrom Indeed,39.95234,-75.16379,http://www.indeed.com/viewjob?jk=c3a428ecaea59776&from=rss,FALSE
143,a3f2fc39a6,Data Analyst - Strategic Partnerships - goPuff - Philadelphia  PA,Data Analyst,Strategic Partnerships,goPuff,,"Fri, 16 Aug 2019 16:06:06 GMT",Experience and strong knowledge in data warehousing concepts big data technologies and analytics platforms Own data accuracy and integrity for your areaFrom goPuff,39.95234,-75.16379,http://www.indeed.com/viewjob?jk=5c2c8328c87c6780&from=rss,FALSE
144,7b071b0755,Business Analyst  Wharton Executive Education - University of Pennsylvania - Philadelphia  PA,Business Analyst  Wharton Executive Education,University of Pennsylvania,Philadelphia  PA,,"Thu, 15 Aug 2019 12:40:38 GMT",Business Analyst Wharton Executive Education Business Analyst supporting Wharton Executive Education This may involve creation and maintenance of dashboardsFrom University of Pennsylvania,39.95234,-75.16379,http://www.indeed.com/viewjob?jk=b401701610b629b9&from=rss,FALSE
145,472cd527d2,DATA ANALYST - VForce InfoTech - Philadelphia  PA,DATA ANALYST,VForce InfoTech,Philadelphia  PA,,"Wed, 14 Aug 2019 15:28:13 GMT",Produces data visualizations that provide insight into data set structure and meaning Works with subject matter experts SMEs to identify importantFrom Indeed,39.95234,-75.16379,http://www.indeed.com/viewjob?jk=f62f3f65657e2c0a&from=rss,FALSE
146,cc39ac01e9,Epidemiologist - University of Pennsylvania - Philadelphia  PA,Epidemiologist,University of Pennsylvania,Philadelphia  PA,,"Wed, 14 Aug 2019 12:45:50 GMT",Proficiency with data managementanalysis software SAS SPSS Stata Tableau or comparable and data management software MS Access or Excel preferredFrom University of Pennsylvania,39.95234,-75.16379,http://www.indeed.com/viewjob?jk=83b6b0cc99f82f56&from=rss,FALSE
147,51dd1d9edc,Data Analyst - University of Pennsylvania - Philadelphia  PA,Data Analyst,University of Pennsylvania,Philadelphia  PA,,"Fri, 09 Aug 2019 13:10:28 GMT",Experience with Penn data warehouse functions preferred Must have experience working with sensitive data and understanding strict confidentialityFrom University of Pennsylvania,39.95234,-75.16379,http://www.indeed.com/viewjob?jk=f7b73676898bf7bc&from=rss,FALSE
148,9cab8af97f,Data Scientist - University of Pennsylvania - Philadelphia  PA,Data Scientist,University of Pennsylvania,Philadelphia  PA,,"Tue, 30 Jul 2019 14:01:07 GMT",Lead data acquisition data mining and analysis techniques to social media websites eg Drive the collection of new data and the refinement of existing dataFrom University of Pennsylvania,39.95234,-75.16379,http://www.indeed.com/viewjob?jk=681d3edd2b370a94&from=rss,FALSE
149,2863f041c4,Senior Data Analyst - Benefits Data Trust - Philadelphia  PA,Senior Data Analyst,Benefits Data Trust,Philadelphia  PA,,"Tue, 30 Jul 2019 01:43:21 GMT",Excellent understanding of data storage and data querying Based in our Center City Philadelphia office the Senior Data Analyst reports to the Senior DataFrom Benefits Data Trust,39.95234,-75.16379,http://www.indeed.com/viewjob?jk=85a7e2b427d68c72&from=rss,FALSE
150,d882c3e070,Senior Marketing Data Analyst - Listrak - Philadelphia  PA,Senior Marketing Data Analyst,Listrak,Philadelphia  PA,,"Fri, 19 Jul 2019 22:50:40 GMT",Senior Marketing Data Analysts provide insights amp recommendations on client039s customer data by building custom data visualizations identifying what data fieldsFrom Listrak,39.95234,-75.16379,http://www.indeed.com/viewjob?jk=a7c8898d80a3508a&from=rss,FALSE
151,36db7e4cd7,Director of Physician Liaisons - University of Pennsylvania Health System - Philadelphia  PA,Director of Physician Liaisons,University of Pennsylvania Health System,Philadelphia  PA,,"Mon, 15 Jul 2019 20:51:54 GMT",Work closely with physician data analyst to review and adjust territory development territory assignments resource utilization and referral trendsFrom University of Pennsylvania Health System,39.95234,-75.16379,http://www.indeed.com/viewjob?jk=e4e3602277f24f90&from=rss,FALSE
152,291effb722,Data Analyst - Business Intelligence - goPuff - Philadelphia  PA,Data Analyst,Business Intelligence,goPuff,,"Sat, 06 Jul 2019 04:03:26 GMT",Identify gaps in existing data create data product specs and work with Engineering teams to implement data tracking Own data integrity and availabilityFrom goPuff,39.95234,-75.16379,http://www.indeed.com/viewjob?jk=024d8f0c0e0c90b9&from=rss,FALSE
153,1b6ba7ded7,Data Analyst - Health Union - Philadelphia  PA,Data Analyst,Health Union,Philadelphia  PA,,"Thu, 27 Jun 2019 13:41:52 GMT",3 years experience as a data analyst Were looking for a full stack data analyst with experience working for ad tech andor healthcare companyFrom Health Union,39.95234,-75.16379,http://www.indeed.com/viewjob?jk=e9e29107d15ea720&from=rss,FALSE
154,75cacb8a4a,Analyst  Market Research - CMI Compas - Philadelphia  PA,Analyst  Market Research,CMI Compas,Philadelphia  PA,,"Wed, 19 Jun 2019 00:23:18 GMT",The Market Data Analyst will lead the creation execution and analysis of research projects with multiple segments andor audiencesFrom CMICompas,39.95234,-75.16379,http://www.indeed.com/viewjob?jk=de9d20e37cad38a4&from=rss,FALSE
155,84d348a215,Sr  Data Analyst - Entercom Communications Corp  - Philadelphia  PA,Sr  Data Analyst,Entercom Communications Corp ,Philadelphia  PA,,"Fri, 14 Jun 2019 06:38:30 GMT",Work with large disparate data sets The team is growing and we are seeking a Senior Data Analyst who will bring engineering analytical rigor and dataFrom Entercom Communications Corp,39.95234,-75.16379,http://www.indeed.com/viewjob?jk=76ef34754896d17b&from=rss,FALSE
156,709bfccb95,Analyst  Decision Sciences - CMI Compas - Philadelphia  PA,Analyst  Decision Sciences,CMI Compas,Philadelphia  PA,,"Tue, 07 May 2019 18:25:49 GMT",The Data Analyst is responsible for accessing validating analyzing reporting and interpreting data in a meaningful way for their clients both internal andFrom CMICompas,39.95234,-75.16379,http://www.indeed.com/viewjob?jk=a0cb8e64389484be&from=rss,FALSE
157,af07004ec2,Client Success Analyst - PFM - Philadelphia  PA,Client Success Analyst,PFM,Philadelphia  PA,,"Fri, 26 Apr 2019 17:23:17 GMT",On-board subscribers with assistance provided by Data Analyst Help client success team with on-boarding training data delivery and data interpretation needsFrom PFM,39.95234,-75.16379,http://www.indeed.com/viewjob?jk=055d7892f0662cb7&from=rss,FALSE
158,2c27d0ce47,Digital Data Analyst - AmeriHealth Caritas - Philadelphia  PA,Digital Data Analyst,AmeriHealth Caritas,Philadelphia  PA,,"Tue, 16 Apr 2019 15:41:04 GMT",Data analysis of various web projects and ad hoc requests Analyses data to create meaningful reports containing actionable insights on consumer behaviorFrom AmeriHealth Caritas,39.95234,-75.16379,http://www.indeed.com/viewjob?jk=af1915365289ccdf&from=rss,FALSE
159,2daf7a9199,Accounting Manager - Big Brothers Big Sisters IR - Philadelphia  PA,Accounting Manager,Big Brothers Big Sisters IR,Philadelphia  PA,,"Wed, 03 Apr 2019 16:16:18 GMT",Provide monthly PampL to Data Analyst or Grants Manager Assist Data Analyst or Grants Manager with back-up of monthly grant invoicingFrom Big Brothers Big Sisters IR,39.95234,-75.16379,http://www.indeed.com/viewjob?jk=ac25a6b441f85309&from=rss,FALSE
180,dcd5c39f0b,Senior Health Research Analyst - PHC Group - Philadelphia  PA,Senior Health Research Analyst,PHC Group,Philadelphia  PA,,"Wed, 16 Jan 2019 07:06:50 GMT",Collect data interview focus groups survey observations and adhere to strict data security protocols for data storage management and analysesFrom PHC GROUP,39.95234,-75.16379,http://www.indeed.com/viewjob?jk=3451cbf20b77c800&from=rss,FALSE
181,49f7ddf092,Software Engineer  Java Apache Camel ServiceMix Karaf  Red Hat Fuse  Linux  - 100  VIRTUAL - Leidos - Philadelphia  PA,Software Engineer  Java Apache Camel ServiceMix Karaf  Red Hat Fuse  Linux ,100  VIRTUAL,Leidos,,"Thu, 08 Aug 2019 20:19:18 GMT",Analyze data from a variety of structured and unstructured data sources In addition will serve as a business modelerdata analyst for data projects andFrom Leidos,39.95166,-75.14461,http://www.indeed.com/viewjob?jk=3fa005835b2c050d&from=rss,FALSE
182,186c5d7ef8,Data Programmer Analyst II - Children s Hospital of Philadelphia - Philadelphia  PA,Data Programmer Analyst II,Children s Hospital of Philadelphia,Philadelphia  PA,,"Wed, 04 Sep 2019 18:43:33 GMT",The experienced data analyst will actively contribute to projects with appropriate data with minimal supervision MAIN,39.963764,-75.198204,http://www.indeed.com/viewjob?jk=8f0a5045aea17621&from=rss,FALSE
183,a8939a7321,Senior Healthcare Data Analyst - Children s Hospital of Philadelphia - Philadelphia  PA,Senior Healthcare Data Analyst,Children s Hospital of Philadelphia,Philadelphia  PA,,"Sat, 17 Aug 2019 00:45:16 GMT",The senior data analyst is passionate about healthcare delivery in a patient care setting The senior data analyst will be staffed to lead high-profile projectsFrom Childrens Hospital of Philadelphia,39.963764,-75.198204,http://www.indeed.com/viewjob?jk=2cf6d2d6003d157e&from=rss,FALSE
184,dd42fe5dd5,Healthcare Data Analyst - Children s Hospital of Philadelphia - Philadelphia  PA,Healthcare Data Analyst,Children s Hospital of Philadelphia,Philadelphia  PA,,"Sat, 17 Aug 2019 00:45:13 GMT",The data analyst under supervision will actively contribute to projects and tasks with appropriate data The individual will need to build relationships withFrom Childrens Hospital of Philadelphia,39.963764,-75.198204,http://www.indeed.com/viewjob?jk=949600b4019ae382&from=rss,FALSE
185,577f6131cb,Senior Accountant - Big Brothers Big Sisters Independence - Philadelphia  PA,Senior Accountant,Big Brothers Big Sisters Independence,Philadelphia  PA,,"Tue, 20 Aug 2019 22:41:48 GMT",Provide monthly PampL to Data Analyst or Grants Manager Assist Data Analyst or Grants Manager with back-up of monthly grant invoicingFrom Indeed,39.95234,-75.16379,http://www.indeed.com/viewjob?jk=6303a32e4f514ccd&from=rss,FALSE
186,188c44411a,Data Analyst ED - University of Pennsylvania Health System - Philadelphia  PA,Data Analyst ED,University of Pennsylvania Health System,Philadelphia  PA,,"Tue, 16 Jul 2019 14:51:09 GMT",Consult users on system and data capabilities Maintain strict levels of data confidentiality privacy and security Provide technical counsel to co-workersFrom University of Pennsylvania Health System,39.95234,-75.16379,http://www.indeed.com/viewjob?jk=e50896f01458a4cd&from=rss,FALSE
187,67c08c35c2,Education Data Analyst - American Paradigm Schools - Philadelphia  PA,Education Data Analyst,American Paradigm Schools,Philadelphia  PA,,"Wed, 10 Jul 2019 21:21:59 GMT",Job Title,39.95234,-75.16379,http://www.indeed.com/viewjob?jk=97cfb38ad66d86e3&from=rss,FALSE
188,de82761a40,Web Coordinator - Marketing - The Philadelphia Orchestra Association - Philadelphia  PA,Web Coordinator,Marketing,The Philadelphia Orchestra Association,,"Wed, 04 Sep 2019 16:34:09 GMT",Work with the Data Analyst on web and email analytics reporting Reporting directly to the Web Manager and working closely with a team that includes theFrom The Philadelphia Orchestra Association,39.94893,-75.15866,http://www.indeed.com/viewjob?jk=233afae7ac15aa6e&from=rss,FALSE
189,6fe26d2a40,Data Analyst - Seamless Access - Jefferson - Center City  Philadelphia  PA - Philadelphia  PA,Data Analyst,Seamless Access,Jefferson,,"Mon, 19 Aug 2019 20:11:12 GMT",The Data Analyst monitors various regulatory and quality reporting initiatives Acquire data from primary or sedcondary data sources and maintain databasesdataFrom Thomas Jefferson University and Hospitals,39.94893,-75.15866,http://www.indeed.com/viewjob?jk=6fe536ab86fcaca3&from=rss,FALSE
190,1f45dba185,Senior Data Analyst Healthier Together - Children s Hospital of Philadelphia - Philadelphia  PA,Senior Data Analyst Healthier Together,Children s Hospital of Philadelphia,Philadelphia  PA,,"Tue, 13 Aug 2019 00:42:11 GMT",Interpret data and analyze results using statistical techniques Experience with data visualization tools Tableau Qlik etc 2716 South Street 6th FloorFrom Childrens Hospital of Philadelphia,39.94893,-75.15866,http://www.indeed.com/viewjob?jk=023c5746415999b0&from=rss,FALSE
191,6565a83f00,BI Data Analyst II - Children s Hospital of Philadelphia - Philadelphia  PA,BI Data Analyst II,Children s Hospital of Philadelphia,Philadelphia  PA,,"Sat, 10 Aug 2019 18:42:15 GMT",The experienced data analyst will actively contribute to projects with appropriate data with minimal supervision AF,39.94893,-75.15866,http://www.indeed.com/viewjob?jk=9e926641f6a2b821&from=rss,FALSE
192,f0ccd515d5,Data Analyst - PMHCC Inc  - Philadelphia  PA,Data Analyst,PMHCC Inc ,Philadelphia  PA,,"Tue, 16 Jul 2019 17:51:26 GMT",The Data Analyst will accomplish the following Demonstrating an understanding of data sources and issues update data if applicable and fulfilling dataFrom PMHCC Inc,39.94893,-75.15866,http://www.indeed.com/viewjob?jk=b7c6c39eca263088&from=rss,FALSE
193,49a4dbafb1,Research Data Analyst - Institutional Advancement - Jefferson - Center City  Philadelphia  PA - Philadelphia  PA,Research Data Analyst,Institutional Advancement,Jefferson,,"Thu, 29 Nov 2018 21:05:36 GMT",The Research Analyst will be responsible for managing large data sets of constituent information from a variety of sources analyzing and presenting data andFrom Thomas Jefferson University and Hospitals,39.94893,-75.15866,http://www.indeed.com/viewjob?jk=7efab8212ad3b951&from=rss,FALSE
194,eb4072a818,Healthcare Data Analyst  STATA  R or Python  - Jefferson - Center City  Philadelphia  PA - Philadelphia  PA,Healthcare Data Analyst  STATA  R or Python ,Jefferson,Center City  Philadelphia  PA,,"Wed, 10 Oct 2018 20:06:29 GMT",Perform data management and analysis activities on large secondary data sources Working with the Population Science Research Group develop a data managementFrom Thomas Jefferson University and Hospitals,39.94893,-75.15866,http://www.indeed.com/viewjob?jk=55611a710d6ab88c&from=rss,FALSE
195,2298e313a8,Software Engineer - Chubb - Philadelphia  PA,Software Engineer,Chubb,Philadelphia  PA,,"Thu, 27 Jun 2019 01:31:19 GMT",Knowledge of service virtualization and test data management with tools In depth data analysis to support business requests and application trouble shootingFrom Chubb,39.95234,-75.16379,http://www.indeed.com/viewjob?jk=fa1028f83278df9a&from=rss,FALSE
196,09273a4957,Business Analytics - Sr  Data Analyst - Chubb - Philadelphia  PA,Business Analytics,Sr  Data Analyst,Chubb,,"Wed, 26 Jun 2019 19:32:26 GMT",This role will be responsible for all aspect of data management from defining data models to integrating data into reports visualizations and dashboardsFrom Chubb,39.95234,-75.16379,http://www.indeed.com/viewjob?jk=aa104429fe0a40ee&from=rss,FALSE
197,be0e93e5b1,Business   Reporting Data Analyst - Chubb - Philadelphia  PA,Business   Reporting Data Analyst,Chubb,Philadelphia  PA,,"Wed, 26 Jun 2019 19:31:33 GMT",Data Mining structured and unstructured data outlier analysis pattern analysis clustering etc Business amp Reporting Data AnalystJob NumberFrom Chubb,39.95234,-75.16379,http://www.indeed.com/viewjob?jk=383aaefe195527cd&from=rss,FALSE
198,c466889ef0,Research Data Analyst-Center for Pediatric Clinical Effectiveness - Children s Hospital of Philadelphia - Philadelphia  PA,Research Data Analyst-Center for Pediatric Clinical Effectiveness,Children s Hospital of Philadelphia,Philadelphia  PA,,"Fri, 30 Aug 2019 18:42:54 GMT",Attentive to detail and data accuracy Analyze and abstract data with 100 accuracy Experience managing and analyzing clinical trials dataFrom Childrens Hospital of Philadelphia,39.936443,-75.18364,http://www.indeed.com/viewjob?jk=116e04a5defd9439&from=rss,FALSE
199,cb28861823,Clinical Care Manager - University of Pennsylvania Health System - Media  PA,Clinical Care Manager,University of Pennsylvania Health System,Media  PA,,"Tue, 16 Jul 2019 02:51:09 GMT",Collaborate with Data Analyst to create use and maintain a care management reporting structure that identifies patients who are likely to benefit from careFrom University of Pennsylvania Health System,39.91678,-75.38769,http://www.indeed.com/viewjob?jk=10d060fb838de649&from=rss,FALSE
220,d47a759053,Pricing Data Analyst - MEDCO Tool - Liberty Bell Equipment Corporation - Philadelphia  PA,Pricing Data Analyst,MEDCO Tool,Liberty Bell Equipment Corporation,,"Mon, 20 May 2019 18:58:10 GMT",Develop and maintain cross reference files that include Product to Product Supplier to Supplier Competitor to Company Brand to Brand and Customer toFrom Liberty Bell Equipment Corporation,39.95234,-75.16379,http://www.indeed.com/viewjob?jk=ef2a59b0a916d252&from=rss,FALSE
221,4f30f72db1,Junior Data Analyst - Delphinus Engineering - Philadelphia  PA,Junior Data Analyst,Delphinus Engineering,Philadelphia  PA,,"Fri, 03 May 2019 09:44:30 GMT",This position will work directly with Senior Data Scientists to process and analyze data collected from the ERM program to implement the CBM condition-basedFrom Delphinus Engineering,39.890038,-75.17696,http://www.indeed.com/viewjob?jk=33fcf20c2c2b1952&from=rss,FALSE
222,edc4acbd73,Pharmaceutical Data Analyst - Keen360  Inc  - Titusville  NJ,Pharmaceutical Data Analyst,Keen360  Inc ,Titusville  NJ,,"Tue, 12 Mar 2019 11:35:51 GMT",Our Pharmaceutical client has engaged us to provide a Data Analyst contractor to support operational data analysis and supportFrom Keen360 Inc,40.30955,-74.88044,http://www.indeed.com/viewjob?jk=6bcd2c7e97b8d004&from=rss,FALSE
223,46b5fb6627,Claims Data Analyst - NJM Insurance Group - West Trenton  NJ,Claims Data Analyst,NJM Insurance Group,West Trenton  NJ,,"Wed, 04 Sep 2019 17:46:54 GMT",The official NJM job title is Data Management Analyst Our General Claims Department is seeking Claims Data Analyst whose main focus will be on data andFrom NJM Insurance Group,40.264,-74.8185,http://www.indeed.com/viewjob?jk=14d390518881a0b6&from=rss,FALSE
224,0ed858cacb,Data Engineer Architect - Noble-D - Trenton  NJ,Data Engineer Architect,Noble-D,Trenton  NJ,,"Fri, 03 May 2019 18:51:47 GMT",Experienced data analyst data pipeline builder and data wrangler who enjoys analyzing data building and optimizing data systems from the ground up then this 80,40.21705,-74.74294,http://www.indeed.com/viewjob?jk=6e4889c972e13217&from=rss,FALSE
225,ff6cd37d5f,Transportation Clerk - Radial  Inc  - Burlington  NJ,Transportation Clerk,Radial  Inc ,Burlington  NJ,,"Fri, 14 Jun 2019 18:16:31 GMT",Customer Service Data Management Data Processing Office Administration Materials Coordinator Procurement Specialist Data Analyst Administrative AssistantFrom Radial Inc,40.07122,-74.86489,http://www.indeed.com/viewjob?jk=f029a0349c4dec97&from=rss,FALSE
226,a759a32b30,Senior Data Analyst - Tabula Rasa HealthCare  Inc - Moorestown  NJ,Senior Data Analyst,Tabula Rasa HealthCare  Inc,Moorestown  NJ,,"Sat, 29 Jun 2019 11:50:32 GMT",6-8 years as a Data Analyst professional Tabula Rasa Health Care is looking a Senior Data Analyst to work with clients business analysts and applicationFrom Tabula Rasa Healthcare Inc,39.962223,-74.98278,http://www.indeed.com/viewjob?jk=c167d3a133f67dcb&from=rss,FALSE
227,7bef49405d,Data Analyst - Tabula Rasa HealthCare  Inc - Moorestown  NJ,Data Analyst,Tabula Rasa HealthCare  Inc,Moorestown  NJ,,"Sat, 29 Jun 2019 11:50:32 GMT",3-5 years as a Data Analyst professional Tabula Rasa Health Care is looking a Senior Data Analyst to work with clients business analysts and applicationFrom Tabula Rasa Healthcare Inc,39.962223,-74.98278,http://www.indeed.com/viewjob?jk=e4f305b2417bb2e7&from=rss,FALSE
228,bbdcfe4846,Data Analyst - Southern New Jersey Perinatal Cooperative - Pennsauken  NJ,Data Analyst,Southern New Jersey Perinatal Cooperative,Pennsauken  NJ,,"Tue, 23 Jul 2019 18:47:18 GMT",The Data Analyst is responsible for performing data collection and analysis and coordinating support and development of reports and distribution formatsFrom Indeed,39.95622,-75.05795,http://www.indeed.com/viewjob?jk=26bea5ffb3d3f939&from=rss,FALSE
229,37e53fbb46,Jr Business System Analyst for OPT and CPT Visa - Adbakx LLC - Mount Laurel  NJ,Jr Business System Analyst for OPT and CPT Visa,Adbakx LLC,Mount Laurel  NJ,,"Thu, 05 Sep 2019 14:58:07 GMT",We are looking for candidates who are interested in positions like Business Analyst Business Systems Analyst Data Analyst Scrum Master Agile Coach Scrum 60000,39.946438,-74.915955,http://www.indeed.com/viewjob?jk=d232edde61a4f418&from=rss,FALSE
230,74f50a1d91,Data Analyst - Freedom Mortgage Corporation - Mount Laurel  NJ,Data Analyst,Freedom Mortgage Corporation,Mount Laurel  NJ,,"Fri, 09 Aug 2019 02:10:31 GMT",3 years of data analytics experience Support Ad-hoc data requests within the Corporate Accounting department Essential Job Functions may includeFrom Freedom Mortgage Corporation,39.934,-74.891,http://www.indeed.com/viewjob?jk=6c05c4fe0453ff27&from=rss,FALSE
231,4cede62f00,BUSINESS DATA ANALYST - Patient Representative - Cooper University Hospital - Camden  NJ,BUSINESS DATA ANALYST,Patient Representative,Cooper University Hospital,,"Thu, 05 Sep 2019 20:00:56 GMT",Experience working with data sets conducting qualitative quantitative research and interpreting My Rounding and EARS dataFrom Cooper University Hospital,39.92595,-75.11962,http://www.indeed.com/viewjob?jk=da68c380181ab891&from=rss,FALSE
232,684383d098,SR BUSINESS DATA ANALYST PRN - Population Intelligence - Cooper University Hospital - Camden  NJ,SR BUSINESS DATA ANALYST PRN,Population Intelligence,Cooper University Hospital,,"Sat, 03 Aug 2019 16:50:49 GMT",Define and analyze the functional specifications necessary to translate data into meaningful and actionable informationFrom Cooper University Hospital,39.92595,-75.11962,http://www.indeed.com/viewjob?jk=502498ebeecf4872&from=rss,FALSE
233,9ae93c4987,Analyst  Market Research - CMI Compas - Cherry Hill  NJ,Analyst  Market Research,CMI Compas,Cherry Hill  NJ,,"Wed, 19 Jun 2019 00:23:17 GMT",The Market Data Analyst will lead the creation execution and analysis of research projects with multiple segments andor audiencesFrom CMICompas,39.93484,-75.03073,http://www.indeed.com/viewjob?jk=5a93c3f5ee9845ea&from=rss,FALSE
234,492e1fa82a,Analyst  Decision Sciences - CMI Compas - Cherry Hill  NJ,Analyst  Decision Sciences,CMI Compas,Cherry Hill  NJ,,"Tue, 07 May 2019 18:25:49 GMT",The Data Analyst is responsible for accessing validating analyzing reporting and interpreting data in a meaningful way for their clients both internal andFrom CMICompas,39.93484,-75.03073,http://www.indeed.com/viewjob?jk=b7bc9f6d50aa04ad&from=rss,FALSE
235,cb79f82094,Data Analyst   Data Scientist - Defined Clarity - Cherry Hill  NJ,Data Analyst   Data Scientist,Defined Clarity,Cherry Hill  NJ,,"Thu, 06 Dec 2018 08:08:18 GMT",Call Center or Customer care data experience a plus Must be able to write SQL queries and must have experience with data extraction 65,39.93484,-75.03073,http://www.indeed.com/viewjob?jk=6d9c0f3c9922e7d5&from=rss,FALSE
236,6399353dc7,Digital Sr Business Data Analyst - TD Bank - Mount Laurel  NJ,Digital Sr Business Data Analyst,TD Bank,Mount Laurel  NJ,,"Wed, 04 Sep 2019 03:14:01 GMT",The Enterprise Data and Analytics EDampA organization is driving this transformation by bringing all of the bank039s data into one central data lake and buildingFrom TD Bank,39.934,-74.891,http://www.indeed.com/viewjob?jk=c02c491c21ba8b6a&from=rss,FALSE
237,47cfb42c16,Data Analyst Co-Op - Pinnacle Treatment Centers - Mount Laurel  NJ,Data Analyst Co-Op,Pinnacle Treatment Centers,Mount Laurel  NJ,,"Sat, 27 Jul 2019 00:23:00 GMT",Perform ad-hoc analysis to analyze Marketing HR Operational and Finance data by joining and blending data from multiple data sourcesFrom Pinnacle Treatment Centers,39.934,-74.891,http://www.indeed.com/viewjob?jk=6d490ab4c028d60f&from=rss,FALSE
238,a9760a38fc,Health Plan Data Analyst - Core xRM - Voorhees  NJ,Health Plan Data Analyst,Core xRM,Voorhees  NJ,,"Thu, 20 Jun 2019 22:00:50 GMT",The role of the Health Plan Data Analyst is to review data discrepancy issues with members providers claims and brokers and work with the various internalFrom Core xRM,39.851944,-74.96139,http://www.indeed.com/viewjob?jk=b08c47c068cd6638&from=rss,FALSE
239,6b3ebc62a0,Program Manager  CDL Driver Simulation - Amazon com Services  Inc  - Swedesboro  NJ,Program Manager  CDL Driver Simulation,Amazon com Services  Inc ,Swedesboro  NJ,,"Fri, 06 Sep 2019 07:51:50 GMT",A completed Bachelors Degree or 2 years Amazon experience 2 years or relevant work experience developing customer facing content andor messagingFrom Amazoncom,39.74761,-75.31047,http://www.indeed.com/viewjob?jk=487be7714cf583a8&from=rss,FALSE
260,e9edacd537,Program Manager  Transportation Operations - Driver Simulation - Amazon com Services  Inc  - Swedesboro  NJ,Program Manager  Transportation Operations,Driver Simulation,Amazon com Services  Inc ,,"Wed, 15 May 2019 07:54:47 GMT",A completed Bachelors Degree or 2 years Amazon experience 2 years or relevant work experience developing customer facing content andor messagingFrom Amazoncom,39.74761,-75.31047,http://www.indeed.com/viewjob?jk=82e3520fcf51890d&from=rss,FALSE
261,2a1d03ceef,Marketing Data Analyst - Money Mart - Malvern  PA,Marketing Data Analyst,Money Mart,Malvern  PA,,"Thu, 05 Sep 2019 13:16:50 GMT",The Marketing Data Analyst will collect analyze and report marketing data and information that will lead to actionable resultsFrom Indeed,40.03622,-75.51381,http://www.indeed.com/viewjob?jk=bcc29e6a8c809e90&from=rss,FALSE
262,dd0b0e5763,Order Specialist - Burlington Stores - Burlington  NJ,Order Specialist,Burlington Stores,Burlington  NJ,,"Fri, 23 Aug 2019 17:26:07 GMT",Customer Service Data Management Data Processing Office Administration Materials Coordinator Procurement Specialist Data Analyst Administrative AssistantFrom Burlington Stores,40.07026,-74.84154,http://www.indeed.com/viewjob?jk=febda23d9339dc8f&from=rss,FALSE
263,69bf839a36,Purchase Order Coordinator - Burlington Stores - Burlington  NJ,Purchase Order Coordinator,Burlington Stores,Burlington  NJ,,"Thu, 22 Aug 2019 17:26:23 GMT",Customer Service Data Management Data Processing Office Administration Materials Coordinator Procurement Specialist Data Analyst Administrative AssistantFrom Burlington Stores,40.07026,-74.84154,http://www.indeed.com/viewjob?jk=4504597f8365a885&from=rss,FALSE
264,2f45bea4bc,Purchasing Data Analyst - Cardone - Philadelphia  PA,Purchasing Data Analyst,Cardone,Philadelphia  PA,,"Fri, 09 Aug 2019 17:23:32 GMT",Support data analysisIntegrity and ad-hoc reporting summarizing and presenting data in meaningful way to all levels of the organizationFrom Cardone,40.013115,-75.094734,http://www.indeed.com/viewjob?jk=43cd2e3eb2d229d8&from=rss,FALSE
265,d3c27d1444,Data Analyst - Marketing Systems Group - Horsham  PA,Data Analyst,Marketing Systems Group,Horsham  PA,,"Thu, 08 Aug 2019 17:51:49 GMT",The Data Analyst DA will assist in the development of sampling weights for sample survey projects conducted by clients at various levels including localFrom Indeed,40.17844,-75.12851,http://www.indeed.com/viewjob?jk=211308e51d922d40&from=rss,FALSE
266,b35a43d409,Data Analyst - Piper Companies - Yardley  PA,Data Analyst,Piper Companies,Yardley  PA,,"Thu, 15 Aug 2019 21:26:37 GMT",Responsibilities for the Data Analyst include Qualifications for the Data Analyst include Compensation for the Data Analyst include 13 an hourFrom Zachary Piper Solutions,40.2024,-74.83098,http://www.indeed.com/viewjob?jk=c08e92db510e1da8&from=rss,FALSE
267,880e578d2f,ETL Developer - Cognizant Technology Solutions - Mount Laurel  NJ,ETL Developer,Cognizant Technology Solutions,Mount Laurel  NJ,,"Fri, 06 Sep 2019 13:44:59 GMT",Perform sampling of data to understand the character quality of the data project dependent in the absence of data analyst or designerFrom Cognizant,39.934,-74.891,http://www.indeed.com/viewjob?jk=44074a4d05819c56&from=rss,FALSE
268,8f915783f8,Data Analyst  Research Associate I  - Drexel University - Philadelphia  PA,Data Analyst  Research Associate I ,Drexel University,Philadelphia  PA,,"Tue, 20 Aug 2019 19:20:28 GMT",The Policy and Analytics Center PAC at the AJ Drexel Autism Institute is seeking a Data Analyst Research Associate I to conduct data programming andFrom Drexel University,39.95234,-75.16379,http://www.indeed.com/viewjob?jk=4462667d8827c278&from=rss,FALSE
269,1ab373b5d9,Quality Improvement Specialist - RN required - Marlton  NJ - VIRTUA - Marlton  NJ,Quality Improvement Specialist,RN required,Marlton  NJ,,"Thu, 22 Aug 2019 09:11:06 GMT",Identifies trends in core measure and other regulatory data Ensure that peer review data is systematically collected and analyzedFrom Virtua Health,39.89122,-74.92183,http://www.indeed.com/viewjob?jk=8a293b917baa13bf&from=rss,FALSE
